arg_id,summary
0_s,"The conversation explores the feasibility of ""financial abortion,"" a legal framework allowing men to opt out of financial responsibility and parental rights during the early stages of a pregnancy.
The Proposed Framework

The original poster (OP) suggests that a man could be exempt from child support if:

    The mother informs him of the pregnancy by the 8th week.

    The father chooses to ""opt out"" by the 10th week.

This window is designed to give the woman time to decide whether to continue the pregnancy as a single parent or seek an abortion, assuming abortion is legally and safely accessible.
The Counter-Argument and Concession

The debate shifts when a respondent argues that society prioritizes the welfare of the child over the personal finances of the parents. Current legal systems view the ""proper raising"" of a child as a shared responsibility that cannot be discarded based on individual preference.

The OP eventually concedes (awarding a ""Delta"") after realizing that their proposal effectively forces women into a binary choice—abort or shoulder the entire burden—which would either mandate abortions for low-income women or place an unsustainable strain on government welfare systems. They conclude the law is unfeasible in contemporary society."
0_u,"This debate centers on the concept of ""financial abortion,"" a proposed law allowing men to waive parental rights and child support obligations early in a pregnancy.
The Proposal

The OP suggests a system where:

    A woman must notify the father of the pregnancy by the 8th week.

    The father has until the 10th week to legally ""opt out"" of all financial and parental responsibilities.

    This window allows the woman time to decide whether to continue the pregnancy as a single mother, seek an abortion, or choose adoption.

The Debate

The respondent (r1) challenges the fairness of this system, arguing it removes all consequences for men while placing the entire financial, ethical, and physical burden on women. They contend that it incentivizes reckless behavior and shifts the cost of raising children from the father to the taxpayer.
The Rebuttal

The OP counters that:

    Biology is inherently unfair, and the final choice already rests solely with the woman.

    The father still faces a moral dilemma when deciding to opt out.

    Taxpayers already support people who make poor life choices; a woman choosing to carry a child she cannot afford is simply another example.

    Concerns about men ""exploiting"" the system are based on a ""dim view"" of male morality, similar to concerns about ""spermjacking"" by women."
1_s,"This debate explores whether ""goodness"" is defined by moral intent, logical reasoning, or social conformity.
The Initial Argument

The OP posits that being an average person is not the same as being a ""good"" person. They argue that most people are merely morally neutral, as they follow social norms rather than reasoning from ethical first principles. To the OP, a truly good person must:

    Accept ethical first principles.

    Consistently reason from them.

    Act to bring the world closer to an ideal state.

The Critique

The respondent (r1) challenges this by pointing out that the OP’s definition makes morality dependent on intellectual process rather than action. They argue that under this logic, a philanthropist who helps the poor simply because they ""feel it's right"" (without deep philosophical deliberation) would be considered morally indifferent. This makes the concept of morality nearly useless, as we could never judge someone's character without knowing their internal syllogisms.
The Resolution

The OP concedes (Delta awarded) that it is ""odd"" to claim someone isn't good just because their moral beliefs are inherited or instinctive rather than deeply reasoned. However, they maintain that deliberative moral agents—those who consciously analyze their ethics—possess a higher level of moral competence than those who simply follow social pressure."
1_u,"This debate centers on whether ""goodness"" requires conscious moral reasoning or simply good outcomes.

The OP’s Argument
The OP contends that the average person is not ""good"" but merely compliant with social norms. They argue that true moral agency requires:

    Adopting ethical first principles.

    Using consistent reasoning to define an ideal world.

    Acting specifically to move the world toward that ideal.

For the OP, most people are ""moral passengers"" who follow the status quo, making them susceptible to committing atrocities under bad leadership. Using a consequentialist lens, they argue that society should venerate ""philosophically pure"" action to build a more resilient, compassionate world.

The Rebuttal
The responder challenges the practicality and definition of this framework:

    Source of Authority: They question why logical consistency should be the primary metric for ""goodness.""

    Subjectivity: They point out that a person could logically derive ""evil"" actions from ""bad"" first principles while remaining philosophically ""pure.""

    Outcome vs. Intent: From a practical standpoint, the responder argues that saving a child out of social habit is just as ""good"" as doing so via first principles.

Summary of Moral Agency Continuum
Group	Characteristics
Moral Visionaries	Reason from first principles (e.g., Bentham, Mill).
The Average	Follow socialized norms; lack independent moral ""fortitude.""
Non-Agents	Incapable of moral discourse (infants, severely brain-damaged)."
2_s,"The debate explores whether a direct online democracy—where citizens vote on individual policies rather than representatives—is superior to the current republic model.

The OP’s Argument
The OP argues that modern technology makes the ""Athenian"" model feasible again. By voting on issues, voters could escape ""package deal"" candidates (e.g., being pro-life but also pro-environment). They believe:

    Crowdsourcing is more reliable than a small group of potentially biased or scientifically illiterate politicians.

    Voluntary participation allows people to skip topics they don't understand, acting as a natural filter for expertise.

    Direct input on major issues like monetary policy would educate the public through trial and error.

The Rebuttal
The responder successfully challenged the OP by highlighting several risks:

    Volatility: Direct democracy could lead to sporadic, emotional lawmaking (e.g., policy spikes following tragedies) without the ""cooling"" period provided by representative terms.

    Mob Rule vs. Apathy: The responder argues that passionate minorities could dominate niche issues due to majority apathy, or conversely, the majority could easily ""pick apart"" vulnerable minority groups.

    Corporate Influence: Instead of lobbying candidates, corporations would simply redirect their massive advertising budgets toward manipulating public opinion on specific bills.

The Outcome
The OP ultimately awarded a ""Delta"" (changed their view), conceding that the system's potential for volatility and the unpredictable nature of minority protection made it too risky to definitively call ""better"" than the current system."
2_u,"The debate examines whether modern technology makes direct online democracy (voting on issues) superior to representative republics (voting for candidates).

The OP’s Argument
The OP argues that the internet removes the geographical barriers that necessitated representatives. They contend that:

    Crowdsourcing is more effective than a few hundred politicians influenced by fundraising.

    Citizens could follow expert bloggers for guidance rather than being forced into ""package deal"" party platforms.

    Voters could support specific policies (e.g., pro-environment and pro-life) that are currently incompatible in a two-party system.

The Rebuttal
The responder argues that direct democracy creates significant risks:

    Expertise Gap: Expecting every citizen to understand complex legislation is unrealistic; otherwise, power shifts to special interest groups.

    Accountability: Representatives have staffs, advisors, and constitutional checks that a ""crowd"" lacks.

    Paradox of Competence: The responder notes that the ""unqualified"" politicians OP criticizes were elected by the same people OP wants to give direct power to.

Conclusion
The OP ultimately conceded (awarding a Delta) that such a system might be too volatile and could lead to the unpredictable ""screwing over"" of minorities."
3_s,"The debate centers on whether Fine Arts credits should be a mandatory requirement for high school graduation.

The OP’s Argument
Initially, the OP argued that fine arts should be elective rather than required for three reasons:

    Subjectivity: Unlike math or science, art grading is qualitative and teacher-dependent, posing a risk to a student's GPA.

    Inequity: Students with lifelong training (e.g., private music lessons) have an unfair advantage over beginners.

    Career Readiness: The OP claimed that classroom art—which prioritizes deadlines—does not reflect how art is valued in the market, making it irrelevant for future employment.

The Rebuttal
The responder challenged these points by drawing parallels to other subjects:

    Experience Gaps: They noted that ""prior experience"" advantages exist in every field, including advanced mathematics.

    Comparative Value: They pointed out that the school system already acknowledges the higher market demand for STEM by requiring three times more math credits than art credits.

The Outcome
The OP conceded and awarded a Delta, realizing that the current credit ratio (3:1) effectively balances the ""nebulous"" nature of art with the practical necessity of math while acknowledging that art still holds a place in career development."
3_u,"The debate explores whether mandatory Fine Arts credits are a valid requirement for high school graduation.

The OP’s Argument
The OP initially argues that fine arts requirements are unfair and impractical because:

    Subjective Grading: Unlike math, art is qualitative, making GPAs vulnerable to a teacher's personal taste.

    Prior Experience: Students with early training (like private music lessons) have an unfair advantage.

    Market Mismatch: The OP claims classroom art, which focuses on deadlines, does not reflect real-world artistic value or career readiness.

The Rebuttal
The responder successfully counters these points by arguing:

    Objective Metrics: Even art and acting can be graded objectively through script accuracy, movement, or specific project requirements.

    Grading on Growth: Teachers often grade on effort and improvement rather than raw talent, and most students won't ""plateau"" in just one year of study.

    Psychological Necessity: The responder posits that creativity is a fundamental human need and a key tool for mental health, often recommended by therapists.

The Outcome
The OP awarded a Delta, accepting that:

    Subjective subjects can still have objective grading rubrics.

    The existence of ""bad"" artists doesn't justify removing the program for everyone.

    Psychological evidence—such as studies showing art reduces cortisol (stress)—supports the value of creative outlets."
4_s,"This debate explores whether the United States should abolish the grand jury system, particularly in cases involving government agents.

The OP’s Argument
Prompted by the Ferguson unrest, the OP argues that grand juries have become ""rubber stamps"" for prosecutors. They cite data showing that federal grand juries return indictments in over 99% of cases, failing their purpose of screening out weak evidence. Furthermore, the OP claims the system is not adversarial: when a prosecutor presents a case against a police officer, both parties are ""on the same team,"" leading to a lack of aggressive prosecution and a miscarriage of justice.

The Rebuttal
The responder argues that the high indictment rate simply proves that prosecutors don't bring cases unless they already meet the burden of proof. Key points include:

    The ""Safety Valve"": Abolishing grand juries would allow prosecutors to take any citizen to trial without any preliminary oversight.

    Misplaced Blame: The responder contends that if a prosecutor is biased or ""soft"" on police, that bias will persist throughout a trial anyway. The grand jury is not the source of this corruption.

The Outcome
The OP awarded a Delta, conceding that while the justice system has flaws regarding conflicts of interest, abolishing grand juries would not solve the problem of prosecutorial bias and might remove a necessary check on state power."
4_u,"This debate explores whether the U.S. Grand Jury system should be abolished, specifically focusing on its role in cases of police misconduct.

The OP’s Argument
The OP argues that grand juries are ""rubber stamps"" for prosecutors. They cite data showing that federal grand juries fail to indict in only a tiny fraction of cases (0.006%), suggesting they serve no protective purpose for the public. Instead, the OP claims the system allows prosecutors to ""throw"" cases against government agents, using the grand jury to shield police from trial while appearing to take action.

The Rebuttal
The responder argues that the high indictment rate is a feature, not a bug. Key points include:

    Probable Cause vs. Reasonable Doubt: Prosecutors only bring cases they believe they can win. Because the burden of proof is much lower for an indictment than a conviction, almost all viable cases should pass.

    Protection for the Innocent: The grand jury serves as a threshold to prevent citizens from being harassed by weak or politically motivated trials.

    Prosecutorial Intent: If a prosecutor wants to protect an officer, they will do so regardless of the system. Abolishing grand juries wouldn't fix a lack of ""prosecutorial will"" to win at trial.

Conclusion
The responder posits that high-profile failures (like Ferguson) are statistical outliers. If a prosecutor isn't motivated to win at the grand jury stage, they certainly won't win the much harder adversarial trial."
5_s,"This debate explores whether identifying with specific social groups (nationality, ethnicity, etc.) inherently leads to prejudice against outsiders.

The OP’s Argument
The OP argues that identifying as anything other than ""human"" creates an ""us vs. them"" mentality. They suggest that ""I am proud to be X"" implies a preference for group members over the rest of humanity, creating a baseline of aggression toward outsiders.

The Rebuttal
The responder challenges this by highlighting the value of particularity:

    The Problem with Universalism: Identifying only as ""human"" could lead to negative feelings toward non-human animals or the environment by creating a new ""other.""

    The Power of Otherness: Recognizing differences doesn't have to lead to hate; it can foster fascination and deeper self-understanding.

    Autonomy: Respecting how people choose to label themselves is a prerequisite for believing they will act morally toward others.

The Outcome
The OP awarded a Delta, acknowledging a broader perspective. They conceded that while group identification might feel ""aggressive,"" it is vital to respect personal autonomy. They moved from seeing sub-groups as purely negative to recognizing that maintaining unique identities is important to people and does not automatically preclude recognizing a shared ""human-ness."""
5_u,"This debate explores whether identifying with specific social groups, such as nationality or ethnicity, inevitably leads to prejudice or hatred toward others.

The OP’s Argument
The OP argues that ""group pride"" (e.g., ""I am proud to be X"") creates a hierarchy of empathy. They believe that by identifying with a sub-group rather than ""humanity"" as a whole, people inherently deprioritize the well-being of outsiders, leading to a baseline of aggression or indifference toward ""non-members.""

The Rebuttal
The responder challenges this by distinguishing between affection and hostility:

    Non-Exclusivity: Having a special affinity for one’s family or country doesn't necessitate hating others, just as loving one's parents doesn't mean hating all other parents.

    Causation vs. Correlation: The responder suggests that while hateful people are often loudly patriotic, the patriotism itself isn't the cause; rather, discriminatory people use group identity as a vehicle for pre-existing biases.

    Definition of Patriotism: They define patriotism simply as ""love of country,"" noting that love for one thing does not require or imply hatred for another.

Conclusion
The OP eventually realizes their view was influenced by their specific cultural background (Eastern Europe), acknowledging that while ""love of country"" felt unnatural to them, it is conceptually distinct from active prejudice."
6_s,"The debate explores whether governments should regulate medical tourism—the practice of traveling abroad for medical procedures.

The OP’s Argument
The OP initially argues for zero regulation, claiming that government interference:

    Violates personal liberty.

    Inflates domestic healthcare prices by eliminating competition.

    Stifles economic growth in destination countries.

The Rebuttal
The responder argues that while some medical tourism is beneficial (e.g., skipping waitlists), total deregulation is dangerous. They highlight two key risks:

    Ethical Safeguards: Governments must prevent morally indefensible procedures, such as a parent seeking breast implants for a young child.

    Pseudo-Science and Scams: They cite the ""MS Liberation Treatment"" as an example of a dangerous, debunked procedure. Without regulation, desperate patients might spend thousands on ""phantom treatments"" that offer no benefit and cause physical harm.

The Outcome
The OP awarded a Delta, specifically influenced by the ""phantom treatment"" argument. They conceded that government bans serve as a crucial signal to citizens that certain foreign procedures are medically worthless, protecting vulnerable individuals and those under the care of others from exploitation."
6_u,"This debate examines whether governments should regulate medical tourism (traveling abroad for medical care).

The OP’s Argument
The OP advocates for total deregulation, arguing that government interference violates personal liberty and inflates domestic costs by shielding local providers from foreign competition. They believe market pressures and ""trustworthiness ratings"" for travel agencies will naturally ensure safety, as companies lying about standards would quickly go out of business.

The Rebuttal
The responder highlights several critical risks that require oversight:

    Safety & Accountability: Without regulation, patients have no recourse if a procedure fails. Issues like pharmacovigilance (tracking bad drug batches) or defective medical devices become impossible to manage once a patient returns home.

    Informed Consent: The responder doubts the ""average person"" can make safe medical decisions when the information provided by foreign clinics is unregulated and potentially fraudulent.

    Brain Drain: In developing nations, the lure of ""tourist dollars"" might divert medical resources away from the local poor toward wealthy foreigners.

Conclusion
While the OP maintains that market competition drives down prices and increases innovation, the responder emphasizes that ""choice"" is an illusion if the only affordable options have dubious safety standards."
7_s,"This debate explores whether prisons should be legally or financially obligated to accommodate inmates' religious requirements, such as special diets (Kosher/Halal), headgear, or prayer times.

The OP’s Argument
The OP initially argued that religious accommodations are an unnecessary expense and an ""inconvenience"" for staff. They contended that:

    Prison is meant to be a deterrent; discomfort is part of the ""debt to society.""

    Ignoring religious rules causes no physical harm and ensures all prisoners are treated equally.

    Taxpayer-funded religious diets create unfair costs and internal black markets.

The Rebuttal
The responder shifted the focus from morality to prison management and safety. They argued that religious accommodations serve as an essential ""carrot"" in a system of incentives:

    Behavioral Incentive: Privileges (like religious ceremonies) can be revoked for misconduct, encouraging inmates to follow rules.

    Staff Safety: Stripping away all personal identity and meaning leaves inmates with ""nothing to lose,"" making the environment more dangerous for guards.

The Outcome
The OP awarded a Delta, refining their view. They concluded that religious obligations should be met only if:

    They act as a revocable privilege for good behavior.

    The inmate pays the cost difference for special needs (e.g., expensive Kosher meals), preventing an ""establishment of religion"" by the state while allowing for its ""free exercise."""
7_u,"The debate explores whether prison systems should be legally required to accommodate the religious obligations of inmates, such as specific diets, headgear, or prayer schedules.

The OP’s Argument
The OP argues that prison is a deterrent meant for discomfort. They contend that:

    Cost and Burden: Special accommodations, like Kosher meals, are expensive and burden staff.

    Equality: Treating all prisoners identically ensures no ""special treatment.""

    No Physical Harm: Violating religious rules doesn't cause physical injury; therefore, ignoring them isn't ""cruel and unusual.""

The Rebuttal
The responder shifts the focus toward rehabilitation and recidivism:

    Tools for Change: Religious practice can provide the framework for moral reflection and personal growth, turning criminals into productive citizens.

    Hardening the Criminal: Depriving inmates of basic spiritual identity may foster resentment toward society, making them more dangerous upon release.

The Outcome
The OP eventually awarded a Delta, refining their stance. They concluded that religious accommodations should be allowed only if the inmate pays the cost difference (to avoid taxpayer burden) and maintains good behavior. This balances the ""free exercise"" of religion with the principle that taxpayers should not fund specific religious choices."
8_s,"This debate centers on the legitimacy of Social Contract Theory (SCT)—the idea that individuals have moral or political obligations to a state as part of a collective agreement.

The OP’s Argument
The OP, a proponent of Natural Rights and the Non-Aggression Principle, argues that SCT is a fiction used to justify government coercion. They contend that:

    Consent is mandatory: Since they never personally signed a contract, they owe the state nothing.

    Self-Ownership: As free beings, individuals have a right to their property and should not be forced to follow laws simply by existing on a piece of land.

    Utilitarianism is irrelevant: Practical benefits of government do not justify the violation of natural law.

The Rebuttal
The responder challenges the OP’s definition of consent and the existence of ""natural rights"":

    Parental Consent: In society, guardians routinely make binding decisions (like medical care) for children who lack the capacity to consent. Citizenship is no different.

    Descriptive vs. Prescriptive: SCT is often a description of a relationship that exists by default in human organization, rather than a literal signed document.

    Property Rights: If the OP rejects social fictions like SCT, they must also prove that ""property ownership"" exists outside of social agreement.

The Outcome
The OP awarded a Delta, conceding the point on parental consent. They agreed that if parents can legitimately make life-altering medical decisions for a child, they can also legitimately accept citizenship on the child's behalf. However, the OP remained skeptical about the state's right to maintain authority over them once they reach the age of majority."
8_u,"The OP’s Argument
The OP argues that SCT is a false construct used by governments to manufacture consent. Rooting their view in the Non-Aggression Principle, the OP believes:

    Theistic Basis: Humans are created in God’s image and are therefore inherently free.

    Consent: No individual is bound by a ""contract"" they did not personally sign.

    Natural Law: Rights are objective and divinely granted; they exist regardless of whether a government protects them. Taxing people against their will is viewed as a violation of these rights, comparable in principle to other historical state-sanctioned injustices.

The Rebuttal
The responder argues for a practical, descriptive view of rights:

    Rights as Social Fictions: Rights do not exist in nature; they are agreements between people to ensure safety (e.g., prohibitions on murder).

    Enforcement: A right is only meaningful if a society sets penalties for its violation. Without a social contract, a ""right"" provides no protection against those who would ignore it.

    Cultural Variation: Rights change based on the contract (e.g., free speech in the US vs. Germany), proving they are social constructs rather than universal laws.

Conclusion
The debate ends in a philosophical deadlock: the OP maintains that rights are inherent and objective, while the responder insists they are strictly utility-based agreements enforced by the state."
9_s,"The debate explores the ethical responsibility of a ""third party"" in a potential hookup when one person is in a committed relationship.

The OP’s Argument
The OP initially argues that all moral responsibility lies with the person in the relationship. As long as there is no personal bond between the two hookup partners, the single person has no obligation to protect a stranger’s relationship. They view cheating as a personal choice by the partner and argue that enforcing social norms is the domain of government or law, not individuals.

The Rebuttal
The responder utilizes the Ultimatum Game (a behavioral economics study) to show that humans are a social species hardwired to punish unfair behavior, even at a personal cost.

    Social Reciprocity: Knowingly assisting in a betrayal undermines the ""social fabric"" that allows communities to function.

    Lowering the Reward: Rejecting a cheater on moral grounds lowers the ""social status"" and reward for the behavior, discouraging future betrayals.

    Morality vs. Legality: The responder argues that ""legal"" does not mean ""moral,"" and individuals must maintain social standards that the law cannot feasibly regulate.

The Outcome
The OP awarded a Delta, conceding that while the primary fault lies with the cheater, the individual has a secondary responsibility to avoid actions that negatively impact the broader social order."
9_u,"This debate explores whether a single person bears moral responsibility when knowingly hooking up with someone in a committed relationship.

The OP’s Argument
The OP argues that responsibility lies solely with the person who has the ""significant other."" They believe that refusing a hookup on moral grounds is a form of paternalism that fails to treat the other person as an autonomous adult. Using a market-based analogy, the OP suggests they are merely a ""supplier"" meeting a ""demand,"" similar to businesses providing products that might be harmful (like fast food or alcohol) to willing consumers.

The Rebuttal
The responder distinguishes between passive allowance and active facilitation. They argue that:

    Human Empathy: Treating a partner as a human rather than a ""fleshlight"" requires caring about their long-term happiness, which cheating likely destroys.

    Moral Complicity: There is a significant ethical difference between standing by while someone makes a mistake and actively providing the means to execute that mistake.

    Societal Strife: Decent human beings have a general obligation to avoid creating needless conflict and suffering in the lives of others, even strangers.

Conclusion
The OP maintains that they should act in their own self-interest, viewing the choice to cheat as the sole prerogative of the committed partner. The responder argues this is a ""net negative"" worldview that ignores the human impact of one's actions."
10_s,"This debate analyzes whether the acronym ISIL (Islamic State of Iraq and the Levant) is superior to ISIS (Islamic State of Iraq and Syria) for describing the militant group.

The OP’s Argument
The OP argues that ""ISIS"" is a poor translation of the Arabic term al-Sham. While media often translates it as ""Syria,"" the term actually refers to the Levant, a much larger region including Israel, Jordan, Lebanon, and Palestine. OP contends that:

    ISIL is more geographically accurate.

    Using ISIL serves as a vital warning of the group's broad regional ambitions, whereas ISIS suggests a threat limited only to two countries.

The Rebuttal
The responder argues from a perspective of linguistic pragmatism:

    Brand Recognition: ""ISIS"" has already been established in the public consciousness. Changing it now creates confusion, making people think a new, separate group has emerged.

    Names vs. Acronyms: For most people, ""ISIS"" functions as a proper name rather than a literal descriptor.

    The ""Watering Down"" Effect: Constant name changes can diminish the perceived threat by fragmenting the group's identity in the eyes of the public.

The Outcome
The OP awarded a Delta, conceding that while ISIL is technically more accurate, ""ISIS"" is equally useful as a widely recognized name. They acknowledged that for the general public, the term functions as a label for a specific ""brand"" of terror rather than a precise geographic survey."
10_u,"This debate centers on the linguistic accuracy and political utility of the names ISIL (Islamic State of Iraq and the Levant) versus ISIS (Islamic State of Iraq and Syria).
The OP’s Argument

The OP argues that ISIL is superior because the Arabic term al-Sham is more accurately translated as ""The Levant"" rather than ""Syria.""

    Geographic Scope: The Levant includes a massive region (Israel, Jordan, Lebanon, etc.), whereas ""Syria"" suggests a localized threat.

    Accuracy: ""ISIS"" relies on a mistranslation that minimizes the group’s international danger.

The Rebuttal

The responder challenges the premise that al-Sham is even relevant, arguing:

    Current Reality: ""ISIS"" accurately describes where the group is currently physically located (Iraq and Syria).

    Ideological Goals: The group aims to establish a global Caliphate, not a ""Greater Syria."" Referring to the Levant gives too much credence to a geographic term the group itself eventually discarded in favor of simply ""IS"" (Islamic State).

    Misleading Focus: Using ""Levant"" suggests a specific regional nationalist goal that doesn't exist, while ignoring their threat to the entire Islamic world.

The Outcome

The OP awarded a Delta, conceding that ""ISIS"" has become a ""proper name"" rather than a literal acronym. They acknowledged that ""ISIS"" can still refer to al-Sham in an academic sense, even if the general public and media use it as a simplified label."
11_s,"This debate explores whether the U.S. Constitution's requirement that a president be at least 35 years old is an undemocratic relic or a necessary safeguard.
The OP’s Argument

The OP argues that the age limit is antiquated and undermines the core principle of a republic: the freedom to elect any chosen representative. They contend that:

    It disenfranchises the 18–35 demographic.

    The public is capable of judging a candidate's lack of experience for themselves.

    Exceptional young people may be more fit for office than mediocre older candidates.

The Rebuttal

The responder frames the age limit as a risk management tool. Their points include:

    Life Experience: Statistically, older individuals possess a broader worldview and more seasoned judgment.

    Systemic Filter: Because the political system isn't perfect at vetting individual merit, the age floor acts as a baseline ""insurance policy"" against extreme immaturity or lack of experience.

    Probability: While an ""exceptional teenager"" might exist, the odds are too low to justify the risk of removing the restriction.

The Outcome

The OP awarded a Delta, acknowledging that the age limit serves as a practical mechanism for risk reduction in a system that cannot always guarantee a perfect vetting of every candidate's individual merits."
11_u,"This debate centers on the Constitutional age requirement for the U.S. Presidency and whether it remains a valid democratic safeguard.

The OP’s Argument
The OP contends that the 35-year age floor is antiquated and undemocratic. By barring citizens aged 18–34, the law prevents a large portion of the population from electing representatives who truly share their generational perspectives. The OP argues that the public should be trusted to judge a candidate’s maturity; if an ""exceptional"" young person is fairly elected, their age should be irrelevant.

The Rebuttal
The responder focuses on cognitive development and perspective. They argue that:

    Biological Maturity: The way the brain processes risk and long-term consequences changes significantly between one's early 20s and mid-30s.

    Experience: True perspective only comes with time. They argue that a 35-year-old possesses both the energy of youth and the seasoned judgment required to lead the executive branch.

    Practicality: The responder asserts that no mature voter would actually trust a 23-year-old with the nuclear codes, framing the limit as a common-sense filter.

Conclusion
The debate ends in a stalemate regarding eligibility versus electability. The OP maintains that ""allowed to run"" is a matter of principle, while the responder insists that age is a non-negotiable prerequisite for the gravity of the office."
12_s,"This debate centers on the morality of killing animals for food versus the morality of the conditions in which they are raised.

The OP’s Argument
The OP initially argues that killing animals is morally acceptable because animals lack a self-conscious ""wish to live"" or a preference to continue existing. However, they contend that meat-eating becomes immoral under capitalism. Because market demand necessitates cost-effective production, it inevitably leads to the ""unremitting pain"" of factory farming. To the OP, the ethical issue is not the act of slaughter, but the lifelong suffering caused by industrial agriculture.

The Rebuttal
The responder attacks the OP's logic regarding the ""will to live."" They argue that avoiding death is, in fact, the practical equivalent of a desire to live. They point out that even humans often prioritize quality of life over ""living as long as possible,"" yet we still recognize a human's right to life. By the OP's own logic—if a lack of a long-term preference justifies killing—then killing humans who don't explicitly desire longevity would be equally fine.

The Outcome
The OP awarded a Delta, admitting their specific phrasing—that a lack of a preference for longevity justifies killing—was logically flawed. While the OP maintained their stance against factory farming, they conceded that their core justification for the ""morality of killing"" was incorrect."
12_u,"This debate explores the ethics of meat-eating, distinguishing between the act of killing and the conditions of animal husbandry.
The OP’s Argument

The OP contends that killing animals for food is morally neutral because animals lack a complex sense of self and a future-oriented ""preference to live."" They argue animals flee death due to ""blind fear"" and instinct rather than a conscious desire for continued existence. However, the OP maintains that meat-eating is currently immoral because capitalist demand inevitably necessitates factory farming, which subjects animals to ""unremitting pain.""
The Rebuttal

The responder challenges the OP’s ""preference"" criteria using several angles:

    The Slippery Slope: If a conscious, verbal preference to live is the standard, then killing infants or individuals with severe cognitive disabilities would be equally permissible.

    Biological Parity: Human ""will to live"" is also rooted in genetic coding; our sophistication may just be a matter of degree, not kind.

    Scientific Uncertainty: The responder, a former consciousness researcher, argues that neural activity varies wildly and we simply do not understand animal minds well enough to assume they lack a preference for survival.

The Outcome

The OP maintains their ""cautionary"" stance: while they believe it is ""likelier than not"" that slaughter violates no preference, they conclude that meat consumption remains indefensible so long as it fuels the industrial suffering of battery farming."
13_s,"This debate explores whether direct democracy could be viable if voting rights were restricted to those who are ""informed"" on the facts of an issue.

The OP’s Argument
The OP argues that the primary flaw in modern democracy is ""willful ignorance."" Using their father’s refusal to look at NSA leaks as an example, the OP suggests that with the internet providing instant access to information, a direct democracy could function effectively—provided that voters are required to prove they understand the evidence before casting a ballot.

The Rebuttal
The responder, a national security researcher, challenges the feasibility of defining what ""informed"" actually means. They argue that:

    Depth of Expertise: Truly understanding a single issue like surveillance requires mastery of complex legal frameworks (FISA, NSLs) and technical computer science (call graphs, exploits).

    Voter Scarcity: If the bar for being ""informed"" is set at a level of genuine expertise rather than just reading blogs, the voting pool would shrink from millions to just a few thousand specialists.

The Outcome
The OP awarded a Delta, conceding that the sheer volume of information required to make a truly expert decision is higher than they initially realized. They acknowledged that a ""fact-based"" restriction might inadvertently exclude almost everyone from the democratic process."
13_u,"This debate centers on the feasibility of direct democracy in the digital age, focusing on voter competency and technical security.

The OP’s Argument
The OP proposes that a direct democracy could function if voting was restricted to those who are ""informed"" and do not willfully ignore facts. They suggest that the internet provides the necessary infrastructure for rapid communication and information sharing, making traditional representative models obsolete.

The Rebuttal
The responder focuses on the massive security and integrity risks of online voting:

    The Trilemma: Online elections struggle to simultaneously satisfy three contradictory requirements: voter authentication (verifying identity), secret ballots (ensuring anonymity), and auditing (verifying the count).

    Cryptographic Limits: The responder argues that while public-key cryptography and blockchain exist, they don't solve the ""51% attack"" risk or the issue of a central authority managing authorized keys.

    Coercion: Physical polling places prevent vote-buying and intimidation; digital systems allow third parties to monitor a voter's ""anonymous"" screen.

Conclusion
While the OP insists these are ""details to be worked out,"" the responder maintains that the technical and social hurdles of ensuring a ""one person, one vote"" system without coercion make digital direct democracy a functional impossibility for the foreseeable future."
14_s,"This debate explores a unique ethical critique of abortion, focusing not on the act itself, but on the intellectual ""duty of care"" exercised by the person making the decision.
The OP’s Argument

The OP believes abortion is philosophically justifiable (primarily on utilitarian grounds) but argues that most abortions are immoral because the individuals undergoing them lack a logically coherent justification.

    Epistemic Responsibility: For an action to be moral, it isn't enough for it to be ""permissible""; the actor must have performed due diligence to know why it is moral.

    Complexity: Abortion is a high-stakes life-and-death issue. The OP argues that since most people cannot articulate a sound philosophical defense (often relying on weak ""viability"" or ""autonomy"" tropes), they are ""gambling"" with a potential human life without proper care.

The Rebuttal

The responder challenges the OP on several fronts:

    Arbitrary Standards: They question how the OP defines an ""appropriate level of care"" and why they hold abortion to a higher standard than the daily decision not to conceive, which also results in a ""non-existence.""

    Infinite Regress: The responder points out a logical trap: If one must have an ""appropriate level of care"" to make a decision, they must also have a justified reason for how they determined that level of care, leading to an endless cycle of meta-justification.

The Outcome

The OP awarded a Delta, admitting that the infinite regress problem was more significant than they initially thought. They conceded that their argument relied on the ""reasonable probability"" that a fetus is a distinct life, and that defining the exact threshold for ""sufficient intellectual due diligence"" is a massive philosophical hurdle."
14_u,"This debate centers on the epistemic responsibility of individuals seeking abortions, specifically whether a person must fully understand the philosophical morality of the act for it to be considered a moral decision.
The OP’s Argument

The OP argues that while abortion is philosophically permissible (on utilitarian grounds), most instances are immoral because the actors lack ""due diligence."" They contend that:

    Intellectual Duty: One must not only do what is right but know why it is right.

    Lack of Logic: Most people rely on ""weak"" arguments like viability or bodily autonomy without logical coherence.

    Moral Gambling: Since human life is high-stakes, having an abortion without a deep philosophical justification is an irresponsible ""gamble.""

The Rebuttal

The responder challenges the OP’s perceived elitism and inconsistency:

    Paralysis by Analysis: Requiring full foreknowledge for every action is paralyzing; most moral choices are made in relative ignorance.

    Double Standards: The responder accuses the OP of ""misanthropy,"" claiming the OP excludes themselves from the ""ill-informed"" masses they criticize.

    Intent vs. Outcome: They argue that a decision's morality isn't defined by the actor's level of research but by the consequence or the principle itself.

Conclusion

The debate concludes with the OP refusing to concede. While they acknowledge the difficulty of proving one's own intellectual superiority, they maintain that a ""reasoned position"" is a prerequisite for a truly moral life-and-death decision."
15_s,"This debate explores a proposed tax-weighted voting system, where an individual's voting power is proportional to the federal taxes they pay.

The OP’s Argument
The OP argues that ""one person, one vote"" fails when voters lack specialized knowledge on complex issues like Net Neutrality. They contend that a tax-weighted system is:

    Self-Correcting: Wealthy individuals cannot lower their taxes without simultaneously reducing their political power.

    Meritocratic: Higher income correlates with intelligence and societal contribution, leading to ""smarter"" rather than just ""popular"" politicians.

The Rebuttal
The responder argues that this system would inevitably create an oligarchy:

    Systemic Manipulation: The wealthy could use their outsized power to eliminate taxes for the poor, effectively disenfranchising them entirely.

    Ethics vs. Intelligence: High income correlates more strongly with self-interest than with ethical governance or magnanimity.

    Inherited Wealth: The responder uses the example of wealthy heirs to argue that money does not equate to societal contribution or competence.

The Outcome
The OP awarded a Delta after realizing that wealthy voters could consolidate power by lowering taxes for others to zero, stripping the majority of their vote. However, the OP remained skeptical that running a large business is ""easy,"" maintaining that financial success requires skill."
15_u,"This debate explores a proposed plutocratic voting model where political power is determined by federal tax contributions, moving away from ""one person, one vote.""

The OP’s Argument
The OP argues that modern democracy fails because average voters lack the expertise to judge complex policies. They propose a ""one dollar, one vote"" system, asserting it would:

    Align Power with Contribution: Those who fund the state have a larger say in its management.

    Incentivize Tax-Paying: To gain power, the wealthy must pay more, creating a self-correcting revenue stream.

    Prioritize Competence: High income often correlates with the intelligence and industry experience needed for smart governance.

The Rebuttal
The responder highlights how self-interest and financial engineering would corrupt the system:

    Indirect Benefits: Wealthy voters would use their outsized influence to vote for government rebates and subsidies (e.g., private school funding or luxury goods) that return their tax dollars to them without lowering their official ""tax burden.""

    Narrow Metrics: Income is a poor proxy for societal value. A domestic truck driver contributes more to national infrastructure than a high-earning banker working for a foreign interest, yet the banker would hold more power.

Conclusion
The debate stalls on technicalities, with the OP questioning the existence of specific tax loopholes, while the responder maintains that any system linking power to wealth inevitably devalues non-monetary societal contributions."
16_s,"The OP proposes a tax-weighted voting system, arguing that ""one person, one vote"" is flawed because average citizens lack the expertise to judge complex policy. They contend that tying voting power to federal taxes paid creates a self-correcting meritocracy where those who contribute most to the state have the greatest say in its management.
The Rebuttal

The responder argues that this system is inherently easy to ""game"" and would rapidly evolve into a dictatorship or oligarchy:

    The Feedback Loop: A wealthy voter could use their outsized influence to elect representatives who direct government contracts or subsidies back to that voter’s own companies.

    Consolidation of Power: This increased wealth leads to even more taxes paid, which generates more votes, creating an unstoppable cycle of state-sanctioned enrichment.

    Corruption: While the OP argues we only vote for representatives, the responder points out that concentrated voting power makes it significantly cheaper and more efficient for a single ""Joe"" to buy off politicians than in a broad democracy.

The Outcome

The OP awarded a Delta, conceding that a high concentration of voting power makes the political system far more vulnerable to bribery and regulatory capture."
16_u,"This debate explores a proposed tax-weighted voting system (""one dollar, one vote"") where political influence is proportional to federal tax contributions.
The OP’s Argument

The OP argues that modern democracy suffers from a ""popularity contest"" mentality where uninformed voters elect politicians based on buzzwords rather than policy expertise. They contend that a tax-weighted system is:

    Meritocratic: High income often correlates with intelligence and professional experience.

    Self-Correcting: The wealthy cannot lower their taxes without losing their voting power.

    Efficient: ""Smarter"" voters would prioritize business-like efficiency (e.g., cutting wasteful union labor requirements) over political pandering.

The Rebuttal

The responder argues the system is a recipe for an exploitative oligarchy:

    The Feedback Loop: A wealthy voter could use their outsized influence to secure government subsidies or land deals. This increases their income, which increases their taxes paid, which further increases their voting power.

    Subsidized Looting: As long as a wealthy individual pays only a fraction of total taxes, they can ""loot"" the government for millions while only technically ""robbing"" themselves of a tiny percentage.

    Removal of Checks: Formalizing wealth-based control removes the democratic safeguards that currently prevent corporate interests from completely dominating the public interest.

Conclusion

The OP remains firm, believing that ""business-minded"" voters would eliminate government waste that ""sweet-talking"" politicians currently protect. The responder maintains that empowering those who benefit from corruption only ensures that corruption becomes the law."
17_s,"This debate addresses the classic philosophical conflict between divine omniscience and human free will.
The OP’s Argument

The OP initially contends that if a God knows exactly what choice a person will make (e.g., choosing A instead of B), then the outcome is predetermined. If the outcome is already known as a fact, the individual cannot truly have the power to choose otherwise, rendering free will an illusion.
The Rebuttal

The responder shifts the perspective from ""predestination"" to ""timelessness."" They argue:

    Non-Linear Time: God exists outside of time. To God, ""tomorrow"" is as visible as ""yesterday"" is to humans.

    Observation vs. Causation: Seeing a choice in the future is no different than remembering a choice from the past. Just as our knowledge of yesterday’s actions didn't ""force"" them to happen, God's knowledge of tomorrow’s actions doesn't strip the individual of the initial choice.

    Access to Information: God simply has access to the ""finished"" timeline without having influenced the actual decision-making process.

The Outcome

The OP awarded a Delta, accepting the analogy that God’s knowledge is akin to human memory—a record of a free choice rather than a script that dictates it."
17_u,"This debate explores the tension between divine omniscience and human free will through the lens of determinism.
The OP’s Argument

The OP initially argues that if God knows with 100% certainty what a person will do, then that person is not truly free to choose otherwise. To the OP, perfect foreknowledge implies a fixed script, making free will an illusion.
The Rebuttal

The responder shifts the focus from theology to scientific determinism:

    Cause and Effect: Every human decision is the result of neural electrical signals influenced by prior events.

    Predictability: The responder argues that if a sufficiently powerful computer could monitor a brain and predict actions based on physical laws, then ""omniscience"" is just a matter of perfect data processing.

    The Illusion of Will: If our choices are dictated by physics and biology, ""real"" free will is already an illusion. Therefore, God’s omniscience doesn't create the lack of free will; it simply observes a pre-determined physical reality.

Conclusion

The OP acknowledges familiarity with ""hard"" and ""soft"" determinism, admitting they were playing ""devil's advocate."" The exchange concludes with the responder suggesting that the existence of an omniscient God is irrelevant to the question of free will if the universe is fundamentally deterministic."
18_s,"This debate addresses whether welfare recipients should be mandated to undergo drug testing and use birth control.

The OP’s Argument
The OP initially proposes that tax dollars should not subsidize illegal drug use or the cost of raising additional children that parents cannot afford. They argue that welfare should be a temporary ""helping hand,"" and if recipients have funds for drugs, they do not truly need assistance. Regarding birth control, the OP views it as a pragmatic measure to prevent further financial strain on the state.

The Rebuttal
The responder shifts the focus from economics to human rights and empathy:

    Infringement on Liberty: Forced birth control is described as an egregious violation of personal bodily autonomy.

    Eugenics: The responder warns that dictating who is ""fit"" to procreate based on wealth moves dangerously toward eugenics and the engineering of a ""perfect society.""

    Human Fulfillment: They argue that life cannot be measured solely by ""dollar signs""; for many, having a child is a source of fulfillment that shouldn't be reserved only for the wealthy.

The Outcome
The OP awarded a Delta, specifically moved by the argument regarding human fulfillment. They conceded that denying someone the right to have a child—a primary source of happiness—is overly harsh. However, the OP maintained that occasional drug testing remains reasonable to ensure funds are used for basic needs."
18_u,"This debate explores the ethics of conditioning welfare benefits on mandatory drug testing and birth control.

The OP’s Argument
The OP initially argues that taxpayers should not subsidize drug use or the cost of children for those who cannot support themselves. They view welfare as a temporary ""helping hand"" and suggest that recipients who engage in costly ""vices"" or expand their families while on aid are exploiting the system.

The Rebuttal
The responder challenges the OP on both factual and ethical grounds:

    Fiscal Reality: They point out that states like Florida actually lost money on drug testing programs because the rate of drug use among recipients was lower than expected.

    Bodily Autonomy: The responder argues that poverty should not strip a person of their right to make medical decisions.

    Gender Disparity: They highlight that ""forced birth control"" would disproportionately target women’s bodies, as enforcing male contraception is practically difficult and often overlooked in these debates.

The Outcome
The OP conceded that stripping bodily autonomy based on income is problematic and acknowledged the gendered double standard. They shifted their focus to targeting only those who ""make no attempt to do better,"" while maintaining that drug testing might still be a reasonable way to ensure funds are spent on necessities."
19_s,"This debate explores whether public grief following a celebrity's death is a genuine emotional response or a ""bandwagon"" performance for attention.
The OP’s Argument

The OP argues that since fans never personally met the celebrity, extreme emotional outpourings are irrational and largely ""fake."" They suggest people exaggerate sadness to feel included in a cultural moment or trend. The OP views the actor merely as a professional and attributes the impact of a film to the viewer's interpretation rather than the individual person.
The Rebuttal

The responder provides a deeply personal defense using the career of Robin Williams as a case study. They argue:

    Parasocial Relationships: Celebrities often act as ""fixtures"" in a person’s life, guiding them through developmental milestones from childhood to adulthood.

    The Loss of Future Connection: Grief stems not just from nostalgia, but from the realization that this ""source"" of wisdom, humor, or hope will no longer contribute to the fan's future.

    The Artist as Vehicle: An artist’s success is measured by their ability to connect; therefore, a strong emotional response is a testament to the celebrity's efficacy in their craft.

The Outcome

The OP awarded a Delta, acknowledging that while they personally lack this emotional range, the responder successfully framed the celebrity as an ""institution"" or ""vehicle"" for life lessons, making the sense of loss more understandable."
19_u,"This debate explores whether the emotional outpouring following a celebrity's death is genuine or a performative ""bandwagon"" behavior.
The OP’s Argument

The OP asserts that most public grief for celebrities is attention-seeking and irrational. They argue that since fans have no personal relationship with the deceased, extreme reactions are likely ""fake"" or inflated to fit in with social trends. While acknowledging that one can appreciate a celebrity's work, the OP views ""distraught"" reactions as evidence of over-attachment or a lack of emotional objectivity.
The Rebuttal

The responder challenges the OP's stance as intellectually smug and dismissive of the validity of human emotion:

    Subjective Validity: Emotions don't require ""logical"" permission to be real. If someone feels sadness, that feeling is a factual internal experience, regardless of whether the OP deems the cause sufficient.

    Symbolic Loss: A celebrity's death can serve as a powerful memento mori, forcing individuals to confront their own mortality or the passage of time.

    Parasocial Attachment: People form real emotional bonds with figures who have been fixtures in their cultural lives for decades.

The Outcome

The debate turns contentious. The responder accuses the OP of using the sub to signal intellectual superiority rather than seeking genuine understanding. The OP ultimately retreats, admitting a potential lack of empathy or understanding of others' emotional landscapes, but they do not officially concede the point, ending the exchange in a stalemate."
20_s,"This debate explores the logical and economic feasibility of consuming cats and dogs in America to address food waste and hunger.
The OP’s Argument

The OP argues that the cultural taboo against eating pets is irrational and wasteful. They highlight that millions of healthy cats and dogs are euthanized annually, representing millions of pounds of potential protein. The OP suggests this meat could alleviate domestic hunger and that, once processed, consumers likely wouldn't distinguish it from traditional livestock.
The Rebuttal

The responder challenges the OP with a series of logistical and economic realities:

    Marginal Impact: Total euthanized pet biomass would contribute only about 0.1% to the total U.S. meat supply, making it an insignificant solution to hunger.

    Logistics and Cost: Meat isn't ""free""; the costs of collection, specialized butchery, refrigeration, and transportation remain.

    Health Risks: Unlike farm-raised livestock, stray animals are prone to parasites and diseases, necessitating expensive screening that would drive prices up.

    Rendering: The responder clarifies that remains are already repurposed into products like fertilizer and pet food, so they aren't technically ""thrown away.""

The Outcome

The OP awarded two Deltas. First, they conceded that the scale of the ""pet meat"" industry was too small to be meaningful. Second, they accepted that the potential for job creation was negligible after the responder demonstrated that a 0.1% market increase would only yield roughly 500 jobs nationwide."
20_u,"This debate examines the ethics and logic of consuming euthanized shelter pets to combat hunger in America.
The OP’s Argument

The OP argues that the cultural taboo against eating cats and dogs is irrational and contributes to societal waste. They highlight that roughly 3 million healthy animals are euthanized annually due to overpopulation. Rather than incinerating these remains, the OP suggests they be utilized as a ""supplementary"" food source. They contend that since these animals are already being raised and fed, the meat is essentially a ""free"" resource that could bypass the heavy grain-to-meat ratios required for beef.
The Rebuttal

The responder counters that the issue in America is not a lack of food, but a failure of distribution.

    Economic Inefficiency: Processing lean shelter animals requires significant costs in butchery, packaging, and quality control.

    Trophic Efficiency: Cats and dogs are carnivores or omnivores that consume meat. Feeding meat to an animal just to eat that animal is thermodynamically and economically inefficient compared to eating the primary source.

    Superior Alternatives: The responder argues it is far cheaper to divert the massive amounts of existing food waste (e.g., unsold grocery meat) to the needy than to build an entirely new, culturally offensive infrastructure for processing pets.

Conclusion

While the OP maintains that individuals could process whole animals themselves to save costs, the responder effectively argues that the logistical hurdles and the existence of more efficient food-waste solutions render the consumption of pets an unnecessary and impractical policy."
21_s,"This debate explores whether a gender gap in sexual desire exists or if behavioral differences are driven by external risks.
The OP’s Argument

The OP argues that men have a naturally higher libido than women. They cite biological factors (higher testosterone levels) and social behaviors, such as men’s willingness to pay for sex and their proactive role in dating. The OP specifically highlights ""social experiment"" videos where men overwhelmingly agree to sex with a stranger, while women do not, interpreting this as proof of more intense male desire.
The Rebuttal

The responder argues that the ""stranger sex"" metric is a measure of risk assessment, not libido. They contend that for women, casual sex with a stranger carries significantly higher stakes:

    Physical Safety: Greater risk of assault or violence.

    Health: Higher vulnerability to STDs, UTIs, and the risk of pregnancy.

    Social Consequences: The ""slut"" double standard and potential reputational damage.

    Quality: A higher statistical likelihood that the encounter will be physically unrewarding for the woman.

The Outcome

The OP awarded a Delta, conceding that if the risks are fundamentally unequal, one cannot use outward behavior to accurately measure the underlying intensity of desire."
21_u,"This debate explores whether sexual desire is inherently stronger in men or simply expressed differently due to biological and physiological mechanisms.
The OP’s Argument

The OP argues that men possess a more intense sex drive, citing higher testosterone levels and ""social experiment"" videos showing men’s immediate willingness to engage in stranger sex. They contend that because male arousal is often ""instant,"" the underlying desire must be more powerful than that of women, who appear less proactive.
The Rebuttal

The responder, a trans woman, provides a unique perspective comparing her experiences living as both a man and a woman:

    Physiological Differences: She describes male arousal as sudden and localized (genital-focused), whereas female arousal is more gradual and systemic (full-body).

    Total Intensity: She argues that while the onset of arousal is slower for women, the peak intensity and the frequency of desire remain equal to those of men.

    Hormones vs. Baseline: She suggests that while hormones change the ""flavor"" and speed of arousal, they do not necessarily dictate the baseline level of desire for sex.

Conclusion

The OP remains skeptical, interpreting the ""slower"" onset of female arousal as evidence of lower desire. However, the responder maintains that once the physiological differences are accounted for, the ""horniness"" experienced across the gender spectrum is fundamentally balanced."
22_s,
22_u,
23_s,
23_u,
24_s,
24_u,
25_s,
25_u,
26_s,
26_u,
27_s,
27_u,
28_s,
28_u,
29_s,
29_u,
30_s,
30_u,
31_s,
31_u,
32_s,
32_u,
33_s,
33_u,
34_s,
34_u,
35_s,
35_u,
36_s,
36_u,
37_s,
37_u,
38_s,
38_u,
39_s,
39_u,
40_s,
40_u,
41_s,
41_u,
42_s,
42_u,
43_s,
43_u,
